case_name,wind_scenario,pv_scenario,production_t_per_day,required_on_hours,equipment_utilization,on_hours,典型日总用电量,其中：常规电负荷用电量,其中：制氢制氨工艺用电量,风电发电量,光伏发电量,新能源发电量,网购电量,上网电量,新能源自发自用电量（物理/政策口径）,新能源自发自用电量（由负荷侧校验）,题面括号公式复核量：总用电量-上网电量-网购电量,新能源自发自用比例（物理/政策口径）,总用电量绿电比例,新能源上网电量比例,题面括号公式比例复核,新能源自发自用比例是否达标,总用电量绿电比例是否达标,新能源上网电量比例是否达标,日产氨量,风电成本,光伏成本,购电成本,碱性电解槽运维成本,PEM电解槽运维成本,合成氨装置运维成本,余电上网收益,日总成本（扣除售电收益后）,吨氨成本,satisfied_count,satisfaction_type
W1_PV1,1,1,72,24,1.0,"0,1,2,3,4,5,6,7,8,9,10,11,12,13,14,15,16,17,18,19,20,21,22,23",1056.7199999999998,60.72,996.0,252.324,509.44000000000005,761.7639999999999,430.28,135.324,626.4399999999998,626.4399999999998,491.11599999999976,0.8223544299809389,0.5928155045802104,0.17764557001906106,0.6447088599618778,1.0,1.0,1.0,72.0,37848.6,61132.8,219763.86000000002,48000.0,72000.0,72.0,51138.939600000005,387678.3204,5384.421116666667,3,全满足
W1_PV1,1,1,63,21,0.875,"0,1,2,3,4,5,6,7,8,9,10,11,12,13,14,15,16,17,21,22,23",932.22,60.72,871.5,252.324,509.44000000000005,761.7639999999999,326.62620000000004,156.1702,605.5937999999999,605.5938,449.42359999999996,0.7949887366690995,0.6496254103108706,0.20501126333090042,0.5899774733381993,1.0,1.0,0.0,63.0,37848.6,61132.8,136592.05088,42000.0,63000.0,63.0,59016.71857999999,281619.73230000003,4470.154480952381,2,部分满足
W1_PV1,1,1,54,18,0.75,"0,1,2,3,4,5,6,7,8,9,10,11,12,13,14,15,16,23",807.7199999999999,60.72,747.0,252.324,509.44000000000005,761.7639999999999,235.0722,189.1162,572.6478,572.6478,383.53159999999986,0.7517391213026607,0.7089682068043381,0.24826087869733934,0.5034782426053213,1.0,1.0,0.0,54.0,37848.6,61132.8,80982.15127999999,36000.0,54000.0,54.0,71467.01198,198550.5393,3676.861838888889,2,部分满足
W1_PV1,1,1,45,15,0.625,"0,1,2,3,4,5,6,7,8,9,10,12,13,14,23",683.22,60.72,622.5,252.324,509.44000000000005,761.7639999999999,233.2102,311.75419999999997,450.0097999999999,450.00980000000004,138.25560000000007,0.5907470030088059,0.6586601680278679,0.40925299699119416,0.18149400601761187,0.0,1.0,0.0,45.0,37848.6,61132.8,79851.17248,30000.0,45000.0,45.0,117811.91217999998,136065.6603,3023.6813399999996,1,部分满足
W1_PV1,1,1,36,12,0.5,"0,1,2,3,4,5,6,7,8,9,10,23",558.72,60.72,498.0,252.324,509.44000000000005,761.7639999999999,233.2102,436.25419999999997,325.5097999999999,325.50980000000004,-110.74439999999993,0.4273105581256137,0.5825991552119127,0.5726894418743863,-0.1453788837487725,0.0,1.0,0.0,36.0,37848.6,61132.8,79851.17248,24000.0,36000.0,36.0,164860.46218,74008.11029999997,2055.7808416666658,1,部分满足
W1_PV2,1,2,72,24,1.0,"0,1,2,3,4,5,6,7,8,9,10,11,12,13,14,15,16,17,18,19,20,21,22,23",1056.7199999999998,60.72,996.0,252.324,250.88,503.204,560.9662000000001,7.450200000000002,495.7538,495.7537999999997,488.30359999999973,0.9851944738118139,0.4691439548792491,0.014805526188186108,0.9703889476236273,1.0,1.0,1.0,72.0,37848.6,30105.6,301293.82788,48000.0,72000.0,72.0,2815.430580000001,486504.5973,6757.008295833333,3,全满足
W1_PV2,1,2,63,21,0.875,"0,1,2,3,4,5,6,7,8,9,10,11,12,13,14,15,16,17,21,22,23",932.22,60.72,871.5,252.324,250.88,503.204,448.9924,19.9764,483.2276,483.22760000000005,463.25120000000004,0.9603015874277628,0.5183621891828109,0.03969841257223711,0.9206031748555259,1.0,1.0,1.0,63.0,37848.6,30105.6,211446.05075999998,42000.0,63000.0,63.0,7549.0815600000005,376914.16919999995,5982.764590476189,3,全满足
W1_PV2,1,2,54,18,0.75,"0,1,2,3,4,5,6,7,8,9,10,11,12,13,14,15,16,23",807.7199999999999,60.72,747.0,252.324,250.88,503.204,342.7184,38.2024,465.0016,465.00159999999994,426.7991999999999,0.9240816845653055,0.5756965284999753,0.07591831543469447,0.8481633691306109,1.0,1.0,1.0,54.0,37848.6,30105.6,146895.22316,36000.0,54000.0,54.0,14436.686959999999,290466.7362,5379.013633333333,3,全满足
W1_PV2,1,2,45,15,0.625,"0,1,2,3,4,5,6,9,11,12,13,14,15,16,23",683.22,60.72,622.5,252.324,250.88,503.204,298.3182,118.3022,384.9018,384.90180000000004,266.59960000000007,0.7649021072964444,0.5633643628699394,0.2350978927035556,0.5298042145928888,1.0,1.0,0.0,45.0,37848.6,30105.6,118219.08267999999,30000.0,45000.0,45.0,44706.40138,216511.8813,4811.37514,2,部分满足
W1_PV2,1,2,36,12,0.5,"0,1,2,3,4,5,6,11,12,13,15,23",558.72,60.72,498.0,252.324,250.88,503.204,262.5022,206.98620000000003,296.2178,296.2178,89.23159999999996,0.588663444646704,0.5301721792668957,0.4113365553532961,0.17732688929340776,0.0,1.0,0.0,36.0,37848.6,30105.6,95212.15427999999,24000.0,36000.0,36.0,78220.08498000001,144982.26929999996,4027.285258333332,1,部分满足
W1_PV3,1,3,72,24,1.0,"0,1,2,3,4,5,6,7,8,9,10,11,12,13,14,15,16,17,18,19,20,21,22,23",1056.7199999999998,60.72,996.0,252.324,85.12,337.44399999999996,719.2760000000001,0.0,337.44399999999996,337.44399999999973,337.44399999999973,1.0,0.31933151639033996,0.0,0.9999999999999993,1.0,1.0,1.0,72.0,37848.6,10214.4,416340.8114,48000.0,72000.0,72.0,0.0,584475.8114,8117.719602777778,3,全满足
W1_PV3,1,3,63,21,0.875,"0,1,2,3,4,5,6,7,8,9,10,11,12,13,14,15,16,17,21,22,23",932.22,60.72,871.5,252.324,85.12,337.44399999999996,605.3822,10.6062,326.83779999999996,326.8378,316.23160000000007,0.9685690070056069,0.3506015747355774,0.03143099299439315,0.937138014011214,1.0,1.0,1.0,63.0,37848.6,10214.4,324952.42628,42000.0,63000.0,63.0,4008.0829799999997,474070.3433,7524.926084126984,3,全满足
W1_PV3,1,3,54,18,0.75,"0,1,2,3,4,5,6,7,8,9,12,13,15,16,17,21,22,23",807.72,60.72,747.0,252.324,85.12,337.44399999999996,526.3,56.024,281.41999999999996,281.4200000000001,225.39600000000007,0.8339754151800002,0.34841281632248794,0.1660245848199998,0.6679508303600008,1.0,1.0,1.0,54.0,37848.6,10214.4,261496.869,36000.0,54000.0,54.0,21171.4696,378442.3994,7008.192581481481,3,全满足
W1_PV3,1,3,45,15,0.625,"0,1,2,3,4,5,6,7,8,9,13,15,16,17,23",683.22,60.72,622.5,252.324,85.12,337.44399999999996,426.558,80.78200000000001,256.6619999999999,256.66200000000003,175.88,0.7606062042887115,0.3756652322824272,0.23939379571128847,0.5212124085774232,1.0,1.0,0.0,45.0,37848.6,10214.4,196599.43720000001,30000.0,45000.0,45.0,30527.517800000005,289179.9194,6426.220431111112,2,部分满足
W1_PV3,1,3,36,12,0.5,"0,1,2,3,4,5,6,7,8,9,15,23",558.72,60.72,498.0,252.324,85.12,337.44399999999996,345.8904,124.61439999999999,212.82959999999997,212.82960000000003,88.21520000000004,0.6307108735079006,0.3809235395189003,0.36928912649209944,0.2614217470158013,1.0,1.0,0.0,36.0,37848.6,10214.4,144561.92596,24000.0,36000.0,36.0,47091.78176,205569.14419999998,5710.254005555555,2,部分满足
W1_PV4,1,4,72,24,1.0,"0,1,2,3,4,5,6,7,8,9,10,11,12,13,14,15,16,17,18,19,20,21,22,23",1056.7199999999998,60.72,996.0,252.324,20.480000000000004,272.804,783.9159999999999,0.0,272.804,272.80399999999986,272.80399999999986,1.0,0.2581611022787494,0.0,0.9999999999999996,1.0,0.0,1.0,72.0,37848.6,2457.6000000000004,463590.3474,48000.0,72000.0,72.0,0.0,623968.5474,8666.229825,2,部分满足
W1_PV4,1,4,63,21,0.875,"0,1,2,3,4,5,6,7,8,9,10,11,12,13,14,15,16,17,21,22,23",932.22,60.72,871.5,252.324,20.480000000000004,272.804,668.7422,9.3262,263.4778,263.4778,254.15160000000003,0.9658135511209514,0.28263478578018064,0.034186448879048696,0.9316271022419028,1.0,0.0,1.0,63.0,37848.6,2457.6000000000004,371174.89028,42000.0,63000.0,63.0,3524.3709800000006,513019.7193,8143.170147619047,2,部分满足
W1_PV4,1,4,54,18,0.75,"0,1,2,3,4,5,6,7,8,9,12,13,15,16,17,21,22,23",807.72,60.72,747.0,252.324,20.480000000000004,272.804,565.34,30.424,242.37999999999997,242.38,211.95600000000002,0.8884767085526605,0.3000792353785965,0.1115232914473395,0.7769534171053212,1.0,1.0,1.0,54.0,37848.6,2457.6000000000004,288204.96499999997,36000.0,54000.0,54.0,11497.2296,407067.93539999996,7538.295099999999,3,全满足
W1_PV4,1,4,45,15,0.625,"0,1,2,3,4,5,6,7,8,9,15,16,17,22,23",683.22,60.72,622.5,252.324,20.480000000000004,272.804,472.82820000000004,62.4122,210.3918,210.3918,147.9796,0.7712196302107007,0.3079415122508123,0.2287803697892993,0.5424392604214016,1.0,1.0,0.0,45.0,37848.6,2457.6000000000004,221663.94568,30000.0,45000.0,45.0,23585.57038,313429.5753,6965.101673333334,2,部分满足
W1_PV4,1,4,36,12,0.5,"0,1,2,3,4,5,6,7,8,9,15,23",558.72,60.72,498.0,252.324,20.480000000000004,272.804,361.2504,75.33439999999999,197.46959999999999,197.4696,122.13520000000005,0.7238515564287914,0.35343213058419237,0.2761484435712086,0.44770311285758296,1.0,1.0,0.0,36.0,37848.6,2457.6000000000004,153891.58996,24000.0,36000.0,36.0,28468.869759999998,225764.92020000002,6271.247783333334,2,部分满足
W2_PV1,2,1,72,24,1.0,"0,1,2,3,4,5,6,7,8,9,10,11,12,13,14,15,16,17,18,19,20,21,22,23",1056.7199999999998,60.72,996.0,149.464,509.44000000000005,658.904,487.42799999999994,89.61199999999998,569.292,569.2919999999999,479.6799999999999,0.8639983973386108,0.5387349534408359,0.1360016026613892,0.7279967946772214,1.0,1.0,1.0,72.0,22419.6,61132.8,247139.6152,48000.0,72000.0,72.0,33864.3748,416899.64040000003,5790.272783333334,3,全满足
W2_PV1,2,1,63,21,0.875,"0,1,2,3,4,5,6,7,8,9,10,11,12,13,14,15,16,17,21,22,23",932.22,60.72,871.5,149.464,509.44000000000005,658.904,380.75019999999995,107.43419999999998,551.4698000000001,551.4698000000001,444.03560000000016,0.8369501475176961,0.5915661539121667,0.16304985248230391,0.6739002950353924,1.0,1.0,1.0,63.0,22419.6,61132.8,161541.34848,42000.0,63000.0,63.0,40599.384179999994,309557.36429999996,4913.6089571428565,3,全满足
W2_PV1,2,1,54,18,0.75,"0,1,2,3,4,5,6,7,8,9,10,11,12,13,14,15,16,23",807.7199999999999,60.72,747.0,149.464,509.44000000000005,658.904,284.6024,135.7864,523.1176,523.1175999999999,387.33119999999997,0.7939208139577238,0.647647204476799,0.20607918604227624,0.5878416279154475,1.0,1.0,0.0,54.0,22419.6,61132.8,103141.17476,36000.0,54000.0,54.0,51313.68056,225433.89419999998,4174.701744444444,2,部分满足
W2_PV1,2,1,45,15,0.625,"0,1,2,3,4,5,6,9,10,11,12,13,14,15,23",683.22,60.72,622.5,149.464,509.44000000000005,658.904,263.2564,238.94039999999998,419.96360000000004,419.96360000000004,181.0232000000001,0.6373669001857631,0.61468282544422,0.36263309981423697,0.27473380037152617,1.0,1.0,0.0,45.0,22419.6,61132.8,90175.61435999999,30000.0,45000.0,45.0,90295.57716,158477.4372,3521.720826666666,2,部分满足
W2_PV1,2,1,36,12,0.5,"0,1,2,3,4,5,6,9,10,13,15,23",558.72,60.72,498.0,149.464,509.44000000000005,658.904,263.2564,363.44039999999995,295.46360000000004,295.46360000000004,-67.97679999999991,0.4484167648094412,0.5288223081328752,0.5515832351905589,-0.1031664703811176,0.0,1.0,0.0,36.0,22419.6,61132.8,90175.61435999999,24000.0,36000.0,36.0,137344.12716,96419.88719999997,2678.330199999999,1,部分满足
W2_PV2,2,2,72,24,1.0,"0,1,2,3,4,5,6,7,8,9,10,11,12,13,14,15,16,17,18,19,20,21,22,23",1056.7199999999998,60.72,996.0,149.464,250.88,400.34400000000005,656.376,0.0,400.34400000000005,400.3439999999998,400.3439999999998,1.0,0.37885532591414955,0.0,0.9999999999999994,1.0,1.0,1.0,72.0,22419.6,30105.6,354449.8314,48000.0,72000.0,72.0,0.0,527047.0314,7320.097658333333,3,全满足
W2_PV2,2,2,63,21,0.875,"0,1,2,3,4,5,6,7,8,9,10,11,12,13,14,15,16,17,21,22,23",932.22,60.72,871.5,149.464,250.88,400.34400000000005,541.3782,9.5022,390.84180000000003,390.84180000000003,381.3396,0.976264912175529,0.419259187745382,0.023735087824470952,0.952529824351058,1.0,1.0,1.0,63.0,22419.6,30105.6,262175.59668,42000.0,63000.0,63.0,3590.8813800000003,416172.91530000005,6605.919290476191,3,全满足
W2_PV2,2,2,54,18,0.75,"0,1,2,3,4,5,6,8,9,10,11,12,13,14,15,16,17,23",807.72,60.72,747.0,149.464,250.88,400.34400000000005,424.91200000000003,17.536,382.80800000000005,382.808,365.27199999999993,0.9561976700037967,0.47393651265289954,0.04380232999620326,0.9123953400075931,1.0,1.0,1.0,54.0,22419.6,30105.6,191434.0268,36000.0,54000.0,54.0,6626.8544,327386.3724,6062.710599999999,3,全满足
W2_PV2,2,2,45,15,0.625,"0,1,2,3,4,5,6,9,11,12,13,14,15,16,23",683.22,60.72,622.5,149.464,250.88,400.34400000000005,351.27419999999995,68.3982,331.9458000000001,331.9458000000001,263.5476000000001,0.8291514297703976,0.4858549222797928,0.17084857022960254,0.658302859540795,1.0,1.0,1.0,45.0,22419.6,30105.6,143718.20807999998,30000.0,45000.0,45.0,25847.67978,245440.72829999996,5454.2384066666655,3,全满足
W2_PV2,2,2,36,12,0.5,"0,1,2,3,4,5,6,12,13,14,15,23",558.72,60.72,498.0,149.464,250.88,400.34400000000005,298.45219999999995,140.0762,260.2678000000001,260.2678000000001,120.19160000000011,0.6501104050516557,0.46582867983963355,0.3498895949483444,0.30022081010331136,1.0,1.0,0.0,36.0,22419.6,30105.6,109733.26527999999,24000.0,36000.0,36.0,52934.79598000001,169359.6693,4704.435258333334,2,部分满足
W2_PV3,2,3,72,24,1.0,"0,1,2,3,4,5,6,7,8,9,10,11,12,13,14,15,16,17,18,19,20,21,22,23",1056.7199999999998,60.72,996.0,149.464,85.12,234.584,822.136,0.0,234.584,234.58399999999983,234.58399999999983,1.0,0.22199258081611029,0.0,0.9999999999999992,1.0,0.0,1.0,72.0,22419.6,10214.4,475474.8554,48000.0,72000.0,72.0,0.0,628180.8554,8724.734102777778,2,部分满足
W2_PV3,2,3,63,21,0.875,"0,1,2,3,4,5,6,7,8,9,10,11,12,13,14,15,16,17,21,22,23",932.22,60.72,871.5,149.464,85.12,234.584,705.2182,7.5822,227.0018,227.0018,219.41959999999995,0.9676781025133854,0.24350668297183067,0.032321897486614605,0.9353562050267705,1.0,0.0,1.0,63.0,22419.6,10214.4,381660.01268,42000.0,63000.0,63.0,2865.3133800000005,516491.6993,8198.28094126984,2,部分满足
W2_PV3,2,3,54,18,0.75,"0,1,2,3,4,5,6,7,8,9,13,14,15,16,17,21,22,23",807.72,60.72,747.0,149.464,85.12,234.584,616.5142000000001,43.3782,191.2058,191.20579999999995,147.82759999999996,0.8150845752480987,0.23672287426335858,0.18491542475190123,0.6301691504961974,1.0,0.0,1.0,54.0,22419.6,10214.4,310483.92308,36000.0,54000.0,54.0,16392.62178,416779.3013,7718.135209259259,2,部分满足
W2_PV3,2,3,45,15,0.625,"0,1,2,3,4,5,6,7,8,9,15,16,17,22,23",683.22,60.72,622.5,149.464,85.12,234.584,526.4464,77.8104,156.7736,156.7736,78.96320000000003,0.6683047437165365,0.22946283773894205,0.33169525628346347,0.3366094874330731,1.0,0.0,0.0,45.0,22419.6,10214.4,246306.02036,30000.0,45000.0,45.0,29404.55016,324580.4702,7212.899337777777,1,部分满足
W2_PV3,2,3,36,12,0.5,"0,1,2,3,4,5,6,9,15,16,17,23",558.72,60.72,498.0,149.464,85.12,234.584,411.9984,87.86240000000001,146.7216,146.72160000000002,58.859200000000044,0.6254544214439177,0.26260309278350513,0.3745455785560823,0.25090884288783566,1.0,0.0,0.0,36.0,22419.6,10214.4,176790.30516,24000.0,36000.0,36.0,33203.20096,236257.1042,6562.697338888889,1,部分满足
W2_PV4,2,4,72,24,1.0,"0,1,2,3,4,5,6,7,8,9,10,11,12,13,14,15,16,17,18,19,20,21,22,23",1056.7199999999998,60.72,996.0,149.464,20.480000000000004,169.94400000000002,886.7760000000001,0.0,169.94400000000002,169.94399999999973,169.94399999999973,1.0,0.16082216670451968,0.0,0.9999999999999983,1.0,0.0,1.0,72.0,22419.6,2457.6000000000004,522724.39139999996,48000.0,72000.0,72.0,0.0,667673.5913999999,9273.244325,2,部分满足
W2_PV4,2,4,63,21,0.875,"0,1,2,3,4,5,6,7,8,9,12,13,14,15,16,17,18,19,21,22,23",932.22,60.72,871.5,149.464,20.480000000000004,169.94400000000002,765.6318,3.3558,166.58820000000003,166.58820000000003,163.23239999999998,0.9802534952690298,0.17870052133616532,0.0197465047309702,0.9605069905380594,1.0,0.0,1.0,63.0,22419.6,2457.6000000000004,425518.28532,42000.0,63000.0,63.0,1268.15682,554190.3285,8796.67188095238,2,部分满足
W2_PV4,2,4,54,18,0.75,"0,1,2,3,4,5,6,7,8,9,13,14,15,16,17,21,22,23",807.72,60.72,747.0,149.464,20.480000000000004,169.94400000000002,652.9942,15.2182,154.72580000000002,154.72580000000005,139.50760000000002,0.9104516781998776,0.1915587084633289,0.08954832180012239,0.8209033563997553,1.0,0.0,1.0,54.0,22419.6,2457.6000000000004,335137.87508,36000.0,54000.0,54.0,5750.95778,444318.11730000004,8228.113283333334,2,部分满足
W2_PV4,2,4,45,15,0.625,"0,1,2,3,4,5,6,7,8,9,15,16,17,22,23",683.22,60.72,622.5,149.464,20.480000000000004,169.94400000000002,550.1264,36.8504,133.0936,133.09360000000004,96.2432,0.7831615120274914,0.19480343081291532,0.21683848797250857,0.5663230240549828,1.0,0.0,0.0,45.0,22419.6,2457.6000000000004,260689.25235999998,30000.0,45000.0,45.0,13925.766160000001,346685.6862,7704.12636,1,部分满足
W2_PV4,2,4,36,12,0.5,"0,1,2,3,4,5,6,7,15,16,17,23",558.72,60.72,498.0,149.464,20.480000000000004,169.94400000000002,427.5886,38.8126,131.1314,131.13140000000004,92.31880000000007,0.7716153556465659,0.23469967067583047,0.22838464435343406,0.5432307112931322,1.0,0.0,0.0,36.0,22419.6,2457.6000000000004,186259.79264,24000.0,36000.0,36.0,14667.281540000004,256505.71110000001,7125.158641666667,1,部分满足
W3_PV1,3,1,72,24,1.0,"0,1,2,3,4,5,6,7,8,9,10,11,12,13,14,15,16,17,18,19,20,21,22,23",1056.7199999999998,60.72,996.0,271.40000000000003,509.44000000000005,780.8399999999999,402.2482,126.36819999999999,654.4717999999999,654.4717999999998,528.1035999999998,0.8381637723477281,0.6193426830191536,0.1618362276522719,0.676327544695456,1.0,1.0,1.0,72.0,40710.00000000001,61132.8,202880.10468,48000.0,72000.0,72.0,47754.542779999996,377040.3619,5236.671693055556,3,全满足
W3_PV1,3,1,63,21,0.875,"0,1,2,3,4,5,6,7,8,9,10,11,12,13,14,15,16,17,21,22,23",932.22,60.72,871.5,271.40000000000003,509.44000000000005,780.8399999999999,311.2944,159.9144,620.9255999999999,620.9256,461.01120000000003,0.7952020900568618,0.6660719572633068,0.20479790994313818,0.5904041801137238,1.0,1.0,0.0,63.0,40710.00000000001,61132.8,129898.77556000001,42000.0,63000.0,63.0,60431.65176,276372.92380000005,4386.871806349207,2,部分满足
W3_PV1,3,1,54,18,0.75,"0,1,2,3,4,5,6,7,8,9,10,11,12,13,14,15,16,23",807.7199999999999,60.72,747.0,271.40000000000003,509.44000000000005,780.8399999999999,229.8364,202.9564,577.8835999999999,577.8835999999999,374.92719999999986,0.7400794016699963,0.7154504036052096,0.25992059833000364,0.48015880333999267,1.0,1.0,0.0,54.0,40710.00000000001,61132.8,80421.18635999999,36000.0,54000.0,54.0,76697.22356,195620.76279999997,3622.606718518518,2,部分满足
W3_PV1,3,1,45,15,0.625,"0,1,2,3,4,5,6,8,9,10,13,14,15,16,23",683.2199999999999,60.72,622.5,271.40000000000003,509.44000000000005,780.8399999999999,223.3262,320.9462,459.89379999999994,459.89379999999994,138.94759999999994,0.5889731571128528,0.6731269576417552,0.4110268428871472,0.1779463142257056,0.0,1.0,0.0,45.0,40710.00000000001,61132.8,76466.89087999999,30000.0,45000.0,45.0,121285.56897999998,132069.12190000003,2934.869375555556,1,部分满足
W3_PV1,3,1,36,12,0.5,"0,1,2,3,4,5,6,10,13,14,15,23",558.72,60.72,498.0,271.40000000000003,509.44000000000005,780.8399999999999,223.3262,445.44620000000003,335.3937999999999,335.39380000000006,-110.0524,0.42952948107166633,0.6002895904925541,0.5704705189283337,-0.1409410378566672,0.0,1.0,0.0,36.0,40710.00000000001,61132.8,76466.89087999999,24000.0,36000.0,36.0,168334.11898,70011.57190000001,1944.7658861111113,1,部分满足
W3_PV2,3,2,72,24,1.0,"0,1,2,3,4,5,6,7,8,9,10,11,12,13,14,15,16,17,18,19,20,21,22,23",1056.7199999999998,60.72,996.0,271.40000000000003,250.88,522.28,538.1664,3.7264000000000053,518.5536,518.5535999999998,514.8271999999998,0.9928651298154246,0.4907199636611402,0.007134870184575334,0.985730259630849,1.0,1.0,1.0,72.0,40710.00000000001,30105.6,287056.84835999995,48000.0,72000.0,72.0,1408.206560000002,476536.2417999999,6618.558913888887,3,全满足
W3_PV2,3,2,63,21,0.875,"0,1,2,3,4,5,6,7,8,9,10,11,12,13,14,15,16,17,21,22,23",932.22,60.72,871.5,271.40000000000003,250.88,522.28,438.8926,28.95260000000001,493.32739999999995,493.3274,464.37480000000005,0.9445649842996093,0.5291963270472635,0.05543501570039062,0.889129968599219,1.0,1.0,1.0,63.0,40710.00000000001,30105.6,207399.55123999997,42000.0,63000.0,63.0,10941.187540000004,372336.96369999996,5910.110534920635,3,全满足
W3_PV2,3,2,54,18,0.75,"0,1,2,3,4,5,6,8,9,10,11,12,13,14,15,16,17,23",807.72,60.72,747.0,271.40000000000003,250.88,522.28,336.4962,51.05620000000001,471.2238,471.22380000000004,420.16760000000005,0.902243624109673,0.583399940573466,0.09775637589032705,0.804487248219346,1.0,1.0,1.0,54.0,40710.00000000001,30105.6,145203.97788,36000.0,54000.0,54.0,19294.137980000007,286779.4399,5310.730368518519,3,全满足
W3_PV2,3,2,45,15,0.625,"0,1,2,3,4,5,6,9,11,12,13,14,15,16,23",683.22,60.72,622.5,271.40000000000003,250.88,522.28,278.0304,117.09040000000002,405.1895999999999,405.18960000000004,288.0992,0.7758091445201807,0.5930587512075172,0.2241908554798193,0.5516182890403615,1.0,1.0,0.0,45.0,40710.00000000001,30105.6,107379.89196,30000.0,45000.0,45.0,44248.46216000001,208992.02980000002,4644.267328888889,2,部分满足
W3_PV2,3,2,36,12,0.5,"0,1,2,3,4,5,6,12,13,14,15,23",558.72,60.72,498.0,271.40000000000003,250.88,522.28,245.10039999999998,208.6604,313.6196,313.61960000000005,104.95920000000007,0.6004817339358198,0.5613180126002291,0.39951826606418017,0.20096346787163988,1.0,1.0,0.0,36.0,40710.00000000001,30105.6,86453.90995999999,24000.0,36000.0,36.0,78852.76516000001,138452.7448,3845.9095777777775,2,部分满足
W3_PV3,3,3,72,24,1.0,"0,1,2,3,4,5,6,7,8,9,10,11,12,13,14,15,16,17,18,19,20,21,22,23",1056.7199999999998,60.72,996.0,271.40000000000003,85.12,356.52000000000004,700.1999999999999,0.0,356.52000000000004,356.51999999999987,356.51999999999987,1.0,0.33738360208948454,0.0,0.9999999999999996,1.0,1.0,1.0,72.0,40710.00000000001,10214.4,405091.809,48000.0,72000.0,72.0,0.0,576088.209,8001.225125000001,3,全满足
W3_PV3,3,3,63,21,0.875,"0,1,2,3,4,5,6,7,8,9,10,11,12,13,14,15,16,17,21,22,23",932.22,60.72,871.5,271.40000000000003,85.12,356.52000000000004,599.0062,23.306200000000004,333.21380000000005,333.2138,309.9076,0.9346286323347919,0.3574411619574779,0.06537136766520812,0.8692572646695836,1.0,1.0,1.0,63.0,40710.00000000001,10214.4,323893.90388,42000.0,63000.0,63.0,8807.412980000003,471073.8909,7477.363347619048,3,全满足
W3_PV3,3,3,54,18,0.75,"0,1,2,3,4,5,6,7,8,9,12,13,15,16,17,21,22,23",807.72,60.72,747.0,271.40000000000003,85.12,356.52000000000004,522.284,71.084,285.43600000000004,285.43600000000004,214.35199999999998,0.8006170761808594,0.35338483632942114,0.19938292381914058,0.6012341523617187,1.0,1.0,1.0,54.0,40710.00000000001,10214.4,262332.01060000004,36000.0,54000.0,54.0,26862.6436,376447.76700000005,6971.254944444446,3,全满足
W3_PV3,3,3,45,15,0.625,"0,1,2,3,4,5,6,7,8,9,13,15,16,17,23",683.22,60.72,622.5,271.40000000000003,85.12,356.52000000000004,427.13,100.43,256.09000000000003,256.09000000000003,155.65999999999997,0.7183047234376753,0.3748280202570183,0.2816952765623247,0.43660944687535047,1.0,1.0,0.0,45.0,40710.00000000001,10214.4,200310.25,30000.0,45000.0,45.0,37952.497,288327.15300000005,6407.270066666668,2,部分满足
W3_PV3,3,3,36,12,0.5,"0,1,2,3,4,5,6,9,15,16,17,23",558.72,60.72,498.0,271.40000000000003,85.12,356.52000000000004,345.2962,143.0962,213.42380000000003,213.42380000000003,70.32760000000002,0.5986306518568384,0.3819870418098511,0.40136934814316166,0.19726130371367667,0.0,1.0,0.0,36.0,40710.00000000001,10214.4,146820.26888,24000.0,36000.0,36.0,54076.053980000004,203704.61490000002,5658.461525000001,1,部分满足
W3_PV4,3,4,72,24,1.0,"0,1,2,3,4,5,6,7,8,9,10,11,12,13,14,15,16,17,18,19,20,21,22,23",1056.7199999999998,60.72,996.0,271.40000000000003,20.480000000000004,291.88,764.8399999999999,0.0,291.88,291.8799999999999,291.8799999999999,1.0,0.2762131879778939,0.0,0.9999999999999996,1.0,0.0,1.0,72.0,40710.00000000001,2457.6000000000004,452341.345,48000.0,72000.0,72.0,0.0,615580.945,8549.735347222222,2,部分满足
W3_PV4,3,4,63,21,0.875,"0,1,2,3,4,5,6,7,8,9,12,13,14,15,16,17,18,19,21,22,23",932.22,60.72,871.5,271.40000000000003,20.480000000000004,291.88,657.0717999999999,16.7318,275.1482,275.1482000000001,258.41640000000007,0.9426757571604768,0.2951537190791873,0.057324242839523094,0.885351514320954,1.0,0.0,1.0,63.0,40710.00000000001,2457.6000000000004,365868.14131999994,42000.0,63000.0,63.0,6322.94722,507775.79409999994,8059.933239682538,2,部分满足
W3_PV4,3,4,54,18,0.75,"0,1,2,3,4,5,6,7,8,9,13,14,15,16,17,21,22,23",807.72,60.72,747.0,271.40000000000003,20.480000000000004,291.88,560.1022,44.26220000000001,247.6178,247.6178,203.35559999999998,0.84835480334384,0.30656390828504926,0.15164519665616008,0.6967096066876798,1.0,1.0,1.0,54.0,40710.00000000001,2457.6000000000004,288059.73428,36000.0,54000.0,54.0,16726.685380000003,404554.6489,7491.7527574074065,3,全满足
W3_PV4,3,4,45,15,0.625,"0,1,2,3,4,5,6,7,8,9,15,16,17,22,23",683.22,60.72,622.5,271.40000000000003,20.480000000000004,291.88,468.0122,76.6722,215.2078,215.20780000000002,138.53560000000004,0.7373160202823078,0.31499048622698395,0.2626839797176922,0.4746320405646158,1.0,1.0,0.0,45.0,40710.00000000001,2457.6000000000004,221357.96728,30000.0,45000.0,45.0,28974.42438,310596.14290000004,6902.13650888889,2,部分满足
W3_PV4,3,4,36,12,0.5,"0,1,2,3,4,5,6,7,15,16,17,23",558.72,60.72,498.0,271.40000000000003,20.480000000000004,291.88,362.8224,95.98240000000001,195.89759999999998,195.8976,99.91520000000003,0.6711580101411538,0.35061855670103087,0.32884198985884616,0.3423160202823079,1.0,1.0,0.0,36.0,40710.00000000001,2457.6000000000004,157465.68276,24000.0,36000.0,36.0,36271.748960000004,224397.5338,6233.264827777778,2,部分满足
W4_PV1,4,1,72,24,1.0,"0,1,2,3,4,5,6,7,8,9,10,11,12,13,14,15,16,17,18,19,20,21,22,23",1056.7199999999998,60.72,996.0,367.484,509.44000000000005,876.924,353.50199999999995,173.706,703.218,703.2179999999998,529.5119999999998,0.8019144190374536,0.6654724051782877,0.19808558096254636,0.6038288380749071,1.0,1.0,1.0,72.0,55122.6,61132.8,181417.7228,48000.0,72000.0,72.0,65643.49740000001,352101.6254,4890.300352777778,3,全满足
W4_PV1,4,1,63,21,0.875,"0,1,2,3,4,5,6,7,8,9,10,11,12,13,14,15,16,17,18,22,23",932.22,60.72,871.5,367.484,509.44000000000005,876.924,246.832,191.536,685.3879999999999,685.388,493.852,0.7815819842996656,0.7352212996932054,0.21841801570033437,0.5631639685993313,1.0,1.0,0.0,63.0,55122.6,61132.8,103218.9838,42000.0,63000.0,63.0,72381.4544,252155.92940000002,4002.4750698412704,2,部分满足
W4_PV1,4,1,54,18,0.75,"0,1,2,3,4,5,6,7,8,9,10,11,12,13,14,15,16,23",807.7199999999999,60.72,747.0,367.484,509.44000000000005,876.924,188.95420000000001,258.15819999999997,618.7658,618.7657999999999,360.60759999999993,0.7056093800603017,0.7660647253998911,0.2943906199396983,0.4112187601206033,1.0,1.0,0.0,54.0,55122.6,61132.8,64697.918079999996,36000.0,54000.0,54.0,97557.98377999998,173449.33430000002,3212.0247092592595,2,部分满足
W4_PV1,4,1,45,15,0.625,"0,1,2,3,4,5,6,7,8,9,11,12,13,15,23",683.22,60.72,622.5,367.484,509.44000000000005,876.924,188.95420000000001,382.65819999999997,494.2658,494.2658,111.60760000000005,0.5636358452956015,0.7234357893504288,0.43636415470439854,0.12727169059120294,0.0,1.0,0.0,45.0,55122.6,61132.8,64697.918079999996,30000.0,45000.0,45.0,144606.53378,111391.7843,2475.3729844444442,1,部分满足
W4_PV1,4,1,36,12,0.5,"0,1,2,3,4,5,6,8,11,12,13,23",558.72,60.72,498.0,367.484,509.44000000000005,876.924,188.95420000000001,507.15819999999997,369.7658,369.7658,-137.39239999999995,0.4216623105309012,0.66180877720504,0.5783376894690988,-0.15667537893819755,0.0,1.0,0.0,36.0,55122.6,61132.8,64697.918079999996,24000.0,36000.0,36.0,191655.08378,49334.23430000001,1370.3953972222225,1,部分满足
W4_PV2,4,2,72,24,1.0,"0,1,2,3,4,5,6,7,8,9,10,11,12,13,14,15,16,17,18,19,20,21,22,23",1056.7199999999998,60.72,996.0,367.484,250.88,618.364,448.09619999999995,9.740200000000009,608.6238000000001,608.6237999999998,598.8835999999999,0.9842484361961564,0.5759555984555986,0.015751563803843703,0.9684968723923124,1.0,1.0,1.0,72.0,55122.6,30105.6,240285.61888,48000.0,72000.0,72.0,3680.821580000003,441904.9973,6137.569406944444,3,全满足
W4_PV2,4,2,63,21,0.875,"0,1,2,3,4,5,6,7,8,9,10,11,12,13,14,15,16,17,21,22,23",932.22,60.72,871.5,367.484,250.88,618.364,353.7584,39.90240000000001,578.4616,578.4616000000001,538.5591999999999,0.9354710170708513,0.6205204779987556,0.06452898292914853,0.8709420341417028,1.0,1.0,1.0,63.0,55122.6,30105.6,164588.96816000002,42000.0,63000.0,63.0,15079.116960000003,339801.0512,5393.667479365079,3,全满足
W4_PV2,4,2,54,18,0.75,"0,1,2,3,4,5,6,7,8,9,11,12,13,14,15,16,17,23",807.72,60.72,747.0,367.484,250.88,618.364,267.272,77.916,540.4480000000001,540.4480000000001,462.5320000000001,0.873996545723878,0.6691031545585104,0.12600345427612214,0.7479930914477558,1.0,1.0,1.0,54.0,55122.6,30105.6,109782.6098,36000.0,54000.0,54.0,29444.456400000003,255620.3534,4733.710248148148,3,全满足
W4_PV2,4,2,45,15,0.625,"0,1,2,3,4,5,6,8,9,12,13,14,15,16,23",683.2199999999999,60.72,622.5,367.484,250.88,618.364,227.14600000000002,162.29000000000002,456.074,456.0739999999999,293.7839999999998,0.7375494045578332,0.6675360791545916,0.26245059544216676,0.4750988091156662,1.0,1.0,0.0,45.0,55122.6,30105.6,84164.4174,30000.0,45000.0,45.0,61329.39100000001,183108.22639999999,4069.0716977777774,2,部分满足
W4_PV2,4,2,36,12,0.5,"0,1,2,3,4,5,6,12,13,14,15,23",558.72,60.72,498.0,367.484,250.88,618.364,203.0342,262.6782,355.68580000000003,355.68580000000003,93.00760000000002,0.5752045720643505,0.6366083190148912,0.42479542793564956,0.15040914412870093,0.0,1.0,0.0,36.0,55122.6,30105.6,69518.91008,24000.0,36000.0,36.0,99266.09178,115517.01830000001,3208.806063888889,1,部分满足
W4_PV3,4,3,72,24,1.0,"0,1,2,3,4,5,6,7,8,9,10,11,12,13,14,15,16,17,18,19,20,21,22,23",1056.7199999999998,60.72,996.0,367.484,85.12,452.60400000000004,604.116,0.0,452.60400000000004,452.6039999999998,452.6039999999998,1.0,0.42831024301612547,0.0,0.9999999999999994,1.0,1.0,1.0,72.0,55122.6,10214.4,353873.3674,48000.0,72000.0,72.0,0.0,539282.3674,7490.0328805555555,3,全满足
W4_PV3,4,3,63,21,0.875,"0,1,2,3,4,5,6,7,8,9,11,12,13,14,15,16,17,18,21,22,23",932.22,60.72,871.5,367.484,85.12,452.60400000000004,506.416,26.799999999999997,425.80400000000003,425.80400000000003,399.0040000000001,0.9407870898180307,0.45676342494261013,0.05921291018196922,0.8815741796360617,1.0,1.0,1.0,63.0,55122.6,10214.4,275478.8874,42000.0,63000.0,63.0,10127.72,435751.16740000003,6916.685196825398,3,全满足
W4_PV3,4,3,54,18,0.75,"0,1,2,3,4,5,6,7,8,9,12,13,14,15,16,17,22,23",807.72,60.72,747.0,367.484,85.12,452.60400000000004,414.7718,59.6558,392.94820000000004,392.94820000000004,333.29240000000004,0.8681942713718837,0.4864906155598475,0.1318057286281164,0.7363885427437672,1.0,1.0,1.0,54.0,55122.6,10214.4,209336.85032,36000.0,54000.0,54.0,22543.92682,342183.9235,6336.739324074074,3,全满足
W4_PV3,4,3,45,15,0.625,"0,1,2,3,4,5,6,7,8,9,14,15,16,17,23",683.22,60.72,622.5,367.484,85.12,452.60400000000004,338.8422,108.2262,344.37780000000004,344.37780000000004,236.15159999999997,0.760881035077021,0.5040511109159568,0.23911896492297902,0.5217620701540419,1.0,1.0,0.0,45.0,55122.6,10214.4,155607.99928,30000.0,45000.0,45.0,40898.680980000005,255091.31829999998,5668.695962222222,2,部分满足
W4_PV3,4,3,36,12,0.5,"0,1,2,3,4,5,6,7,8,9,15,23",558.72,60.72,498.0,367.484,85.12,452.60400000000004,272.58639999999997,166.47039999999998,286.13360000000006,286.13360000000006,119.66320000000007,0.6321941476434146,0.5121234249713632,0.36780585235658536,0.2643882952868292,1.0,1.0,0.0,36.0,55122.6,10214.4,111764.91636,24000.0,36000.0,36.0,62909.16416,174228.7522,4839.687561111111,2,部分满足
W4_PV4,4,4,72,24,1.0,"0,1,2,3,4,5,6,7,8,9,10,11,12,13,14,15,16,17,18,19,20,21,22,23",1056.7199999999998,60.72,996.0,367.484,20.480000000000004,387.964,668.7560000000001,0.0,387.964,387.9639999999997,387.9639999999997,1.0,0.36713982890453484,0.0,0.9999999999999992,1.0,1.0,1.0,72.0,55122.6,2457.6000000000004,401122.90340000007,48000.0,72000.0,72.0,0.0,578775.1034000001,8038.5431027777795,3,全满足
W4_PV4,4,4,63,21,0.875,"0,1,2,3,4,5,6,7,8,9,12,13,14,15,16,17,18,19,21,22,23",932.22,60.72,871.5,367.484,20.480000000000004,387.964,561.1118,16.8558,371.1082,371.1082,354.25239999999997,0.9565531853470941,0.39809079401857933,0.04344681465290594,0.913106370694188,1.0,1.0,1.0,63.0,55122.6,2457.6000000000004,314749.19732000004,42000.0,63000.0,63.0,6369.80682,471022.59050000005,7476.549055555556,3,全满足
W4_PV4,4,4,54,18,0.75,"0,1,2,3,4,5,6,7,8,9,13,14,15,16,17,21,22,23",807.72,60.72,747.0,367.484,20.480000000000004,387.964,469.30219999999997,49.5462,338.4178,338.41780000000006,288.87160000000006,0.8722917590291883,0.4189791016688951,0.1277082409708117,0.7445835180583767,1.0,1.0,1.0,54.0,55122.6,2457.6000000000004,241081.17428000004,36000.0,54000.0,54.0,18723.50898,369991.86530000006,6851.70120925926,3,全满足
W4_PV4,4,4,45,15,0.625,"0,1,2,3,4,5,6,7,8,9,15,16,17,22,23",683.22,60.72,622.5,367.484,20.480000000000004,387.964,380.97220000000004,85.7162,302.2478,302.2478,216.53160000000003,0.7790614593106576,0.4423872251983255,0.22093854068934232,0.5581229186213155,1.0,1.0,0.0,45.0,55122.6,2457.6000000000004,177598.45128,30000.0,45000.0,45.0,32392.15198,277831.49929999997,6174.0333177777775,2,部分满足
W4_PV4,4,4,36,12,0.5,"0,1,2,3,4,5,6,7,8,9,15,23",558.72,60.72,498.0,367.484,20.480000000000004,387.964,287.94640000000004,117.1904,270.7736,270.7736,153.58319999999998,0.6979348599354579,0.4846320160366552,0.30206514006454205,0.3958697198709158,1.0,1.0,0.0,36.0,55122.6,2457.6000000000004,121094.58035999999,24000.0,36000.0,36.0,44286.25216,194424.52819999997,5400.681338888888,2,部分满足
W5_PV1,5,1,72,24,1.0,"0,1,2,3,4,5,6,7,8,9,10,11,12,13,14,15,16,17,18,19,20,21,22,23",1056.7199999999998,60.72,996.0,309.98,509.44000000000005,819.4200000000001,395.9442,158.64419999999998,660.7758000000001,660.7757999999998,502.1315999999998,0.8063945229552612,0.625308312514195,0.19360547704473893,0.6127890459105219,1.0,1.0,1.0,72.0,46497.0,61132.8,201792.07508,48000.0,72000.0,72.0,59951.64318,369542.2319,5132.5309986111115,3,全满足
W5_PV1,5,1,63,21,0.875,"0,1,2,3,4,5,6,7,8,9,10,11,12,13,14,15,16,17,21,22,23",932.22,60.72,871.5,309.98,509.44000000000005,819.4200000000001,305.3064,192.50639999999999,626.9136000000001,626.9136000000001,434.40720000000005,0.765069927509702,0.6724953337195083,0.234930072490298,0.530139855019404,1.0,1.0,0.0,63.0,46497.0,61132.8,129064.30436000001,42000.0,63000.0,63.0,72748.16856,269008.9358,4269.983107936508,2,部分满足
W5_PV1,5,1,54,18,0.75,"0,1,2,3,4,5,6,7,8,9,10,11,12,13,14,15,16,23",807.7199999999999,60.72,747.0,309.98,509.44000000000005,819.4200000000001,222.3924,234.0924,585.3276000000001,585.3275999999998,351.2351999999999,0.7143193966464084,0.7246664685782204,0.2856806033535915,0.42863879329281673,1.0,1.0,0.0,54.0,46497.0,61132.8,78702.34075999999,36000.0,54000.0,54.0,88463.51796,187922.62279999998,3480.0485703703703,2,部分满足
W5_PV1,5,1,45,15,0.625,"0,1,2,3,4,5,6,8,10,11,12,13,14,15,23",683.22,60.72,622.5,309.98,509.44000000000005,819.4200000000001,212.7502,348.9502,470.4698000000001,470.4698,121.51960000000003,0.5741497644675503,0.688606598167501,0.4258502355324497,0.14829952893510046,0.0,1.0,0.0,45.0,46497.0,61132.8,72845.66848,30000.0,45000.0,45.0,131868.28058000002,123652.18789999996,2747.826397777777,1,部分满足
W5_PV1,5,1,36,12,0.5,"0,1,2,3,4,5,6,8,10,11,13,23",558.72,60.72,498.0,309.98,509.44000000000005,819.4200000000001,212.7502,473.4502,345.9698000000001,345.9698,-127.48039999999997,0.42221302872763666,0.6192185710194732,0.5777869712723633,-0.1555739425447267,0.0,1.0,0.0,36.0,46497.0,61132.8,72845.66848,24000.0,36000.0,36.0,178916.83058,61594.63789999997,1710.9621638888882,1,部分满足
W5_PV2,5,2,72,24,1.0,"0,1,2,3,4,5,6,7,8,9,10,11,12,13,14,15,16,17,18,19,20,21,22,23",1056.7199999999998,60.72,996.0,309.98,250.88,560.8599999999999,505.7104,9.850400000000008,551.0095999999999,551.0095999999999,541.1591999999998,0.9824369717933173,0.5214338708456355,0.01756302820668261,0.9648739435866347,1.0,1.0,1.0,72.0,46497.0,30105.6,268215.21395999996,48000.0,72000.0,72.0,3722.4661600000027,461167.34779999993,6405.102052777776,3,全满足
W5_PV2,5,2,63,21,0.875,"0,1,2,3,4,5,6,7,8,9,10,11,12,13,14,15,16,17,21,22,23",932.22,60.72,871.5,309.98,250.88,560.8599999999999,406.75260000000003,35.39260000000001,525.4673999999999,525.4674,490.0748,0.9368958385336804,0.5636731672781102,0.06310416146631961,0.8737916770673609,1.0,1.0,1.0,63.0,46497.0,30105.6,188811.47524000003,42000.0,63000.0,63.0,13374.863540000002,357102.21170000004,5668.289074603175,3,全满足
W5_PV2,5,2,54,18,0.75,"0,1,2,3,4,5,6,8,9,10,11,12,13,14,15,16,17,23",807.72,60.72,747.0,309.98,250.88,560.8599999999999,303.7442,56.88420000000001,503.9757999999999,503.97580000000005,447.0916000000001,0.8985768284420353,0.623948645570247,0.10142317155796458,0.7971536568840711,1.0,1.0,1.0,54.0,46497.0,30105.6,126244.17308000001,36000.0,54000.0,54.0,21496.539180000003,271404.2339,5026.004331481481,3,全满足
W5_PV2,5,2,45,15,0.625,"0,1,2,3,4,5,6,9,10,11,12,13,14,16,23",683.22,60.72,622.5,309.98,250.88,560.8599999999999,253.6064,131.24640000000002,429.6135999999999,429.6136,298.3672,0.765990799843098,0.6288071192295306,0.234009200156902,0.5319815996861963,1.0,1.0,0.0,45.0,46497.0,30105.6,95790.47336,30000.0,45000.0,45.0,49598.01456000001,197840.0588,4396.445751111111,2,部分满足
W5_PV2,5,2,36,12,0.5,"0,1,2,3,4,5,6,9,11,12,13,23",558.72,60.72,498.0,309.98,250.88,560.8599999999999,233.68220000000002,235.8222,325.0377999999999,325.0378,89.2156,0.5795346432264735,0.5817543671248566,0.4204653567735265,0.15906928645294727,0.0,1.0,0.0,36.0,46497.0,30105.6,81828.56528,24000.0,36000.0,36.0,89117.20938000001,129349.9559,3593.0543305555557,1,部分满足
W5_PV3,5,3,72,24,1.0,"0,1,2,3,4,5,6,7,8,9,10,11,12,13,14,15,16,17,18,19,20,21,22,23",1056.7199999999998,60.72,996.0,309.98,85.12,395.1,661.6200000000001,0.0,395.1,395.0999999999997,395.0999999999997,1.0,0.3738928003633887,0.0,0.9999999999999991,1.0,1.0,1.0,72.0,46497.0,10214.4,381336.277,48000.0,72000.0,72.0,0.0,558119.677,7751.662180555556,3,全满足
W5_PV3,5,3,63,21,0.875,"0,1,2,3,4,5,6,7,8,9,10,11,12,13,14,15,16,17,21,22,23",932.22,60.72,871.5,309.98,85.12,395.1,560.7422,23.6222,371.4778,371.4778,347.8556,0.9402120982029866,0.39848726695415243,0.05978790179701341,0.880424196405973,1.0,1.0,1.0,63.0,46497.0,10214.4,300391.93028,42000.0,63000.0,63.0,8926.829380000001,453239.5009,7194.277792063492,3,全满足
W5_PV3,5,3,54,18,0.75,"0,1,2,3,4,5,6,7,8,9,11,12,13,15,16,17,21,23",807.72,60.72,747.0,309.98,85.12,395.1,476.588,63.967999999999996,331.132,331.132,267.16400000000004,0.8380966843837003,0.409958896647353,0.16190331561629964,0.6761933687674008,1.0,1.0,1.0,54.0,46497.0,10214.4,240053.52020000003,36000.0,54000.0,54.0,24173.5072,362645.41300000006,6715.655796296297,3,全满足
W5_PV3,5,3,45,15,0.625,"0,1,2,3,4,5,6,8,9,12,13,15,16,17,23",683.22,60.72,622.5,309.98,85.12,395.1,388.96360000000004,100.8436,294.25640000000004,294.2564,193.41279999999995,0.7447643634522906,0.43069055355522384,0.2552356365477094,0.48952872690458094,1.0,1.0,0.0,45.0,46497.0,10214.4,183017.81964,30000.0,45000.0,45.0,38108.79644,276665.4232,6148.120515555556,2,部分满足
W5_PV3,5,3,36,12,0.5,"0,1,2,3,4,5,6,8,9,15,16,23",558.7199999999999,60.72,498.0,309.98,85.12,395.1,320.6582,157.03820000000002,238.0618,238.0617999999999,81.02359999999987,0.6025355606175652,0.4260842640320734,0.39746443938243486,0.20507112123513002,1.0,1.0,0.0,36.0,46497.0,10214.4,134657.78768,24000.0,36000.0,36.0,59344.73578000001,192060.4519,5335.012552777777,2,部分满足
W5_PV4,5,4,72,24,1.0,"0,1,2,3,4,5,6,7,8,9,10,11,12,13,14,15,16,17,18,19,20,21,22,23",1056.7199999999998,60.72,996.0,309.98,20.480000000000004,330.4599999999999,726.26,0.0,330.4599999999999,330.4599999999998,330.4599999999998,1.0,0.312722386251798,0.0,0.9999999999999997,1.0,1.0,1.0,72.0,46497.0,2457.6000000000004,428585.813,48000.0,72000.0,72.0,0.0,597612.413,8300.172402777776,3,全满足
W5_PV4,5,4,63,21,0.875,"0,1,2,3,4,5,6,7,8,9,10,11,12,13,14,15,16,17,21,22,23",932.22,60.72,871.5,309.98,20.480000000000004,330.4599999999999,624.1022,22.3422,308.11779999999993,308.1178,285.77559999999994,0.9323906070326212,0.33052047799875556,0.06760939296737882,0.8647812140652424,1.0,1.0,1.0,63.0,46497.0,2457.6000000000004,346614.39428,42000.0,63000.0,63.0,8443.11738,492188.8769,7812.521855555555,3,全满足
W5_PV4,5,4,54,18,0.75,"0,1,2,3,4,5,6,7,8,9,12,13,15,16,17,21,22,23",807.72,60.72,747.0,309.98,20.480000000000004,330.4599999999999,532.932,55.672000000000004,274.7879999999999,274.788,219.11599999999999,0.8315318041517883,0.34020205021542105,0.16846819584821163,0.6630636083035769,1.0,1.0,1.0,54.0,46497.0,2457.6000000000004,273459.42579999997,36000.0,54000.0,54.0,21038.448800000002,391429.57699999993,7248.695870370369,3,全满足
W5_PV4,5,4,45,15,0.625,"0,1,2,3,4,5,6,7,8,9,15,16,17,21,23",683.22,60.72,622.5,309.98,20.480000000000004,330.4599999999999,445.4784,92.7184,237.74159999999992,237.7416,145.02320000000003,0.7194262543121709,0.3479722490559409,0.28057374568782917,0.438852508624342,1.0,1.0,0.0,45.0,46497.0,2457.6000000000004,210473.57716000002,30000.0,45000.0,45.0,35038.28336,299434.8938,6654.108751111112,2,部分满足
W5_PV4,5,4,36,12,0.5,"0,1,2,3,4,5,6,8,9,16,21,23",558.7199999999999,60.72,498.0,309.98,20.480000000000004,330.4599999999999,338.4842,110.2242,220.23579999999993,220.23579999999993,110.01159999999993,0.6664522181201961,0.3941791953035509,0.333547781879804,0.33290443624039207,1.0,1.0,0.0,36.0,46497.0,2457.6000000000004,145485.30008000002,24000.0,36000.0,36.0,41653.72518,212822.1749,5911.727080555556,2,部分满足
W6_PV1,6,1,72,24,1.0,"0,1,2,3,4,5,6,7,8,9,10,11,12,13,14,15,16,17,18,19,20,21,22,23",1056.7199999999998,60.72,996.0,206.32,509.44000000000005,715.76,431.7862,90.8262,624.9338,624.9337999999998,534.1075999999998,0.8731052308036213,0.5913901506548567,0.12689476919637868,0.7462104616072424,1.0,1.0,1.0,72.0,30948.0,61132.8,215826.12588,48000.0,72000.0,72.0,34323.22098,393655.7049,5467.440345833334,3,全满足
W6_PV1,6,1,63,21,0.875,"0,1,2,3,4,5,6,7,8,9,10,11,12,13,14,15,16,17,21,22,23",932.22,60.72,871.5,206.32,509.44000000000005,715.76,339.4604,123.0004,592.7596,592.7596000000001,469.7592,0.8281541298759361,0.6358580592563987,0.17184587012406394,0.6563082597518721,1.0,1.0,1.0,63.0,30948.0,61132.8,141743.90396,42000.0,63000.0,63.0,46481.85116,292405.8528,4641.362742857143,3,全满足
W6_PV1,6,1,54,18,0.75,"0,1,2,3,4,5,6,7,8,9,10,11,12,13,14,15,16,23",807.7199999999999,60.72,747.0,206.32,509.44000000000005,715.76,257.4304,165.47039999999998,550.2896000000001,550.2895999999998,384.81919999999985,0.7688185984128759,0.6812875749021939,0.23118140158712416,0.5376371968257514,1.0,1.0,0.0,54.0,30948.0,61132.8,91918.88196,36000.0,54000.0,54.0,62531.26416,211522.41780000002,3917.0818111111116,2,部分满足
W6_PV1,6,1,45,15,0.625,"0,1,2,3,4,5,6,8,9,10,11,12,13,14,23",683.22,60.72,622.5,206.32,509.44000000000005,715.76,243.1862,275.72619999999995,440.03380000000004,440.03380000000004,164.30760000000006,0.6147784173465967,0.6440587219343696,0.3852215826534033,0.22955683469319335,1.0,1.0,0.0,45.0,30948.0,61132.8,83266.95487999999,30000.0,45000.0,45.0,104196.93097999999,146195.82390000002,3248.796086666667,2,部分满足
W6_PV1,6,1,36,12,0.5,"0,1,2,3,4,5,6,8,10,11,12,23",558.72,60.72,498.0,206.32,509.44000000000005,715.76,243.1862,400.22619999999995,315.53380000000004,315.53380000000004,-84.69239999999994,0.44083743154129884,0.5647440578465064,0.5591625684587012,-0.11832513691740239,0.0,1.0,0.0,36.0,30948.0,61132.8,83266.95487999999,24000.0,36000.0,36.0,151245.48098,84138.2739,2337.174275,1,部分满足
W6_PV2,6,2,72,24,1.0,"0,1,2,3,4,5,6,7,8,9,10,11,12,13,14,15,16,17,18,19,20,21,22,23",1056.7199999999998,60.72,996.0,206.32,250.88,457.20000000000005,599.52,0.0,457.20000000000005,457.1999999999998,457.1999999999998,1.0,0.43265955030660924,0.0,0.9999999999999996,1.0,1.0,1.0,72.0,30948.0,30105.6,322227.23699999996,48000.0,72000.0,72.0,0.0,503352.83699999994,6991.011624999999,3,全满足
W6_PV2,6,2,63,21,0.875,"0,1,2,3,4,5,6,7,8,9,10,11,12,13,14,15,16,17,21,22,23",932.22,60.72,871.5,206.32,250.88,457.20000000000005,498.8742,23.854200000000002,433.34580000000005,433.34580000000005,409.49160000000006,0.9478254593175853,0.46485357533629407,0.0521745406824147,0.8956509186351707,1.0,1.0,1.0,63.0,30948.0,30105.6,241469.04708,42000.0,63000.0,63.0,9014.502180000001,398571.14489999996,6326.526109523808,3,全满足
W6_PV2,6,2,54,18,0.75,"0,1,2,3,4,5,6,8,9,10,11,12,13,14,15,16,17,23",807.72,60.72,747.0,206.32,250.88,457.20000000000005,397.4258,46.9058,410.29420000000005,410.29420000000005,363.38840000000005,0.8974063867016623,0.507965879265092,0.1025936132983377,0.7948127734033246,1.0,1.0,1.0,54.0,30948.0,30105.6,179849.28892,36000.0,54000.0,54.0,17725.701820000002,313231.1871,5800.577538888889,3,全满足
W6_PV2,6,2,45,15,0.625,"0,1,2,3,4,5,6,9,11,12,13,14,15,16,23",683.22,60.72,622.5,206.32,250.88,457.20000000000005,331.216,105.196,352.004,352.004,246.808,0.769912510936133,0.5152132548812974,0.230087489063867,0.5398250218722659,1.0,1.0,0.0,45.0,30948.0,30105.6,136782.5174,30000.0,45000.0,45.0,39753.568400000004,233127.549,5180.6122,2,部分满足
W6_PV2,6,2,36,12,0.5,"0,1,2,3,4,5,6,12,13,14,15,23",558.72,60.72,498.0,206.32,250.88,457.20000000000005,283.01,181.49,275.71000000000004,275.71000000000004,94.22000000000003,0.6030402449693788,0.4934672107674685,0.39695975503062114,0.2060804899387577,1.0,1.0,0.0,36.0,30948.0,30105.6,105946.093,24000.0,36000.0,36.0,68585.071,158450.622,4401.406166666667,2,部分满足
W6_PV3,6,3,72,24,1.0,"0,1,2,3,4,5,6,7,8,9,10,11,12,13,14,15,16,17,18,19,20,21,22,23",1056.7199999999998,60.72,996.0,206.32,85.12,291.44,765.28,0.0,291.44,291.4399999999998,291.4399999999998,1.0,0.27579680520857,0.0,0.9999999999999994,1.0,0.0,1.0,72.0,30948.0,10214.4,443252.26100000006,48000.0,72000.0,72.0,0.0,604486.6610000001,8395.648069444445,2,部分满足
W6_PV3,6,3,63,21,0.875,"0,1,2,3,4,5,6,7,8,9,10,11,12,13,14,15,16,17,21,22,23",932.22,60.72,871.5,206.32,85.12,291.44,662.7142,21.934200000000004,269.5058,269.5058,247.5716,0.9247385396651112,0.2891010705627427,0.07526146033488884,0.8494770793302223,1.0,0.0,1.0,63.0,30948.0,10214.4,360953.46308,42000.0,63000.0,63.0,8288.934180000002,498889.92890000006,7918.8877603174615,2,部分满足
W6_PV3,6,3,54,18,0.75,"0,1,2,3,4,5,6,7,8,9,12,13,15,16,17,21,22,23",807.72,60.72,747.0,206.32,85.12,291.44,574.816,58.536,232.904,232.904,174.36799999999994,0.7991490529783146,0.2883474471351458,0.20085094702168543,0.5982981059566289,1.0,0.0,0.0,54.0,30948.0,10214.4,290423.94740000006,36000.0,54000.0,54.0,22120.7544,399519.5930000001,7398.510981481483,1,部分满足
W6_PV3,6,3,45,15,0.625,"0,1,2,3,4,5,6,7,8,9,15,16,17,21,23",683.22,60.72,622.5,206.32,85.12,291.44,490.9504,99.1704,192.2696,192.26960000000003,93.09920000000005,0.6597227559703541,0.2814168203506923,0.3402772440296459,0.3194455119407084,1.0,0.0,0.0,45.0,30948.0,10214.4,230027.72996000003,30000.0,45000.0,45.0,37476.49416,308758.63580000005,6861.303017777779,1,部分满足
W6_PV3,6,3,36,12,0.5,"0,1,2,3,4,5,6,7,8,15,17,23",558.72,60.72,498.0,206.32,85.12,291.44,389.0982,121.81819999999999,169.6218,169.6218,47.80360000000002,0.5820127642053253,0.3035899914089347,0.41798723579467467,0.16402552841065063,0.0,1.0,0.0,36.0,30948.0,10214.4,168162.70368,24000.0,36000.0,36.0,46035.097780000004,223326.0059,6203.500163888889,1,部分满足
W6_PV4,6,4,72,24,1.0,"0,1,2,3,4,5,6,7,8,9,10,11,12,13,14,15,16,17,18,19,20,21,22,23",1056.7199999999998,60.72,996.0,206.32,20.480000000000004,226.8,829.92,0.0,226.8,226.79999999999984,226.79999999999984,1.0,0.2146263910969794,0.0,0.9999999999999992,1.0,0.0,1.0,72.0,30948.0,2457.6000000000004,490501.79699999996,48000.0,72000.0,72.0,0.0,643979.3969999999,8944.158291666665,2,部分满足
W6_PV4,6,4,63,21,0.875,"0,1,2,3,4,5,6,7,8,9,12,13,14,15,16,17,18,19,21,22,23",932.22,60.72,871.5,206.32,20.480000000000004,226.8,715.7518,10.331800000000001,216.46820000000002,216.46820000000002,206.13639999999998,0.9544453262786596,0.232207204307996,0.045554673721340394,0.908890652557319,1.0,0.0,1.0,63.0,30948.0,2457.6000000000004,398893.23332,42000.0,63000.0,63.0,3904.3872200000005,533457.4461,8467.578509523808,2,部分满足
W6_PV4,6,4,54,18,0.75,"0,1,2,3,4,5,6,7,8,9,12,13,15,16,17,21,22,23",807.72,60.72,747.0,206.32,20.480000000000004,226.8,613.856,32.93600000000001,193.864,193.86400000000003,160.928,0.854779541446208,0.2400138661912544,0.1452204585537919,0.7095590828924162,1.0,0.0,1.0,54.0,30948.0,2457.6000000000004,317132.04339999997,36000.0,54000.0,54.0,12446.514400000004,428145.12899999996,7928.6134999999995,2,部分满足
W6_PV4,6,4,45,15,0.625,"0,1,2,3,4,5,6,7,8,15,16,17,21,22,23",683.22,60.72,622.5,206.32,20.480000000000004,226.8,511.25039999999996,54.830400000000004,171.9696,171.96960000000007,117.13920000000002,0.7582433862433863,0.251704575392992,0.24175661375661375,0.5164867724867725,1.0,0.0,0.0,45.0,30948.0,2457.6000000000004,242357.94996,30000.0,45000.0,45.0,20720.408160000003,330088.1418,7335.292039999999,1,部分满足
W6_PV4,6,4,36,12,0.5,"0,1,2,3,4,5,6,7,8,21,22,23",558.72,60.72,498.0,206.32,20.480000000000004,226.8,397.75239999999997,65.8324,160.9676,160.96760000000006,95.13520000000005,0.7097336860670194,0.28810065864833906,0.29026631393298064,0.419467372134039,1.0,0.0,0.0,36.0,30948.0,2457.6000000000004,173419.26476,24000.0,36000.0,36.0,24878.063960000003,241982.80080000003,6721.744466666667,1,部分满足
